{"meals":[{"idMeal":"52795","strMeal":"Chicken Handi","strMealAlternate":null,"strCategory":"Chicken","strArea":"Indian","strInstructions":"Take a large pot or wok, big enough to cook all the chicken, and heat the oil in it. Once the oil is hot, add sliced onion and fry them until deep golden brown. Then take them out on a plate and set aside.\r\nTo the same pot, add the chopped garlic and saut\u00e9 for a minute. Then add the chopped tomatoes and cook until tomatoes turn soft. This would take about 5 minutes.\r\nThen return the fried onion to the pot and stir. Add ginger paste and saut\u00e9 well.\r\nNow add the cumin seeds, half of the coriander seeds and chopped green chillies. Give them a quick stir.\r\nNext goes in the spices \u2013 turmeric powder and red chilli powder. Saut\u00e9 the spices well for couple of minutes.\r\nAdd the chicken pieces to the wok, season it with salt to taste and cook the chicken covered on medium-low heat until the chicken is almost cooked through. This would take about 15 minutes. Slowly saut\u00e9ing the chicken will enhance the flavor, so do not expedite this step by putting it on high heat.\r\nWhen the oil separates from the spices, add the beaten yogurt keeping the heat on lowest so that the yogurt doesn\u2019t split. Sprinkle the remaining coriander seeds and add half of the dried fenugreek leaves. Mix well.\r\nFinally add the cream and give a final mix to combine everything well.\r\nSprinkle the remaining kasuri methi and garam masala and serve the chicken handi hot with naan or rotis. Enjoy!","strMealThumb":"https:\/\/www.themealdb.com\/images\/media\/meals\/wyxwsp1486979827.jpg","strTags":null,"strYoutube":"https:\/\/www.youtube.com\/watch?v=IO0issT0Rmc","strIngredient1":"Chicken","strIngredient2":"Onion","strIngredient3":"Tomatoes","strIngredient4":"Garlic","strIngredient5":"Ginger paste","strIngredient6":"Vegetable oil","strIngredient7":"Cumin seeds","strIngredient8":"Coriander seeds","strIngredient9":"Turmeric powder","strIngredient10":"Chilli powder","strIngredient11":"Green chilli","strIngredient12":"Yogurt","strIngredient13":"Cream","strIngredient14":"fenugreek","strIngredient15":"Garam masala","strIngredient16":"Salt","strIngredient17":"","strIngredient18":"","strIngredient19":"","strIngredient20":"","strMeasure1":"1.2 kg","strMeasure2":"5 thinly sliced","strMeasure3":"2 finely chopped","strMeasure4":"8 cloves chopped","strMeasure5":"1 tbsp","strMeasure6":"\u00bc cup","strMeasure7":"2 tsp","strMeasure8":"3 tsp","strMeasure9":"1 tsp","strMeasure10":"1 tsp","strMeasure11":"2","strMeasure12":"1 cup","strMeasure13":"\u00be cup","strMeasure14":"3 tsp Dried","strMeasure15":"1 tsp","strMeasure16":"To taste","strMeasure17":"","strMeasure18":"","strMeasure19":"","strMeasure20":"","strSource":"","strImageSource":null,"strCreativeCommonsConfirmed":null,"dateModified":null},{"idMeal":"52956","strMeal":"Chicken Congee","strMealAlternate":null,"strCategory":"Chicken","strArea":"Chinese","strInstructions":"STEP 1 - MARINATING THE CHICKEN\r\nIn a bowl, add chicken, salt, white pepper, ginger juice and then mix it together well.\r\nSet the chicken aside.\r\nSTEP 2 - RINSE THE WHITE RICE\r\nRinse the rice in a metal bowl or pot a couple times and then drain the water.\r\nSTEP 2 - BOILING THE WHITE RICE\r\nNext add 8 cups of water and then set the stove on high heat until it is boiling. Once rice porridge starts to boil, set the stove on low heat and then stir it once every 8-10 minutes for around 20-25 minutes.\r\nAfter 25 minutes, this is optional but you can add a little bit more water to make rice porridge to make it less thick or to your preference.\r\nNext add the marinated chicken to the rice porridge and leave the stove on low heat for another 10 minutes.\r\nAfter an additional 10 minutes add the green onions, sliced ginger, 1 pinch of salt, 1 pinch of white pepper and stir for 10 seconds.\r\nServe the rice porridge in a bowl\r\nOptional: add Coriander on top of the rice porridge.","strMealThumb":"https:\/\/www.themealdb.com\/images\/media\/meals\/1529446352.jpg","strTags":null,"strYoutube":"https:\/\/www.youtube.com\/watch?v=kqEfk801E94","strIngredient1":"Chicken","strIngredient2":"Salt","strIngredient3":"Pepper","strIngredient4":"Ginger Cordial","strIngredient5":"Ginger","strIngredient6":"Spring Onions","strIngredient7":"Rice","strIngredient8":"Water","strIngredient9":"Coriander","strIngredient10":"","strIngredient11":"","strIngredient12":"","strIngredient13":"","strIngredient14":"","strIngredient15":"","strIngredient16":"","strIngredient17":"","strIngredient18":"","strIngredient19":"","strIngredient20":"","strMeasure1":"8 oz ","strMeasure2":"pinch","strMeasure3":"pinch","strMeasure4":"1 tsp ","strMeasure5":"1 tsp ","strMeasure6":"1 tbs","strMeasure7":"1\/2 cup ","strMeasure8":"8 cups ","strMeasure9":"2 oz ","strMeasure10":"","strMeasure11":"","strMeasure12":"","strMeasure13":"","strMeasure14":"","strMeasure15":"","strMeasure16":"","strMeasure17":"","strMeasure18":"","strMeasure19":"","strMeasure20":"","strSource":"https:\/\/sueandgambo.com\/pages\/chicken-congee","strImageSource":null,"strCreativeCommonsConfirmed":null,"dateModified":null},{"idMeal":"52831","strMeal":"Chicken Karaage","strMealAlternate":null,"strCategory":"Chicken","strArea":"Japanese","strInstructions":"Add the ginger, garlic, soy sauce, sake and sugar to a bowl and whisk to combine. Add the chicken, then stir to coat evenly. Cover and refrigerate for at least 1 hour.\r\n\r\nAdd 1 inch of vegetable oil to a heavy bottomed pot and heat until the oil reaches 360 degrees F. Line a wire rack with 2 sheets of paper towels and get your tongs out. Put the potato starch in a bowl\r\n\r\nAdd a handful of chicken to the potato starch and toss to coat each piece evenly.\r\n\r\nFry the karaage in batches until the exterior is a medium brown and the chicken is cooked through. Transfer the fried chicken to the paper towel lined rack. If you want the karaage to stay crispy longer, you can fry the chicken a second time, until it's a darker color after it's cooled off once. Serve with lemon wedges.","strMealThumb":"https:\/\/www.themealdb.com\/images\/media\/meals\/tyywsw1505930373.jpg","strTags":null,"strYoutube":"https:\/\/www.youtube.com\/watch?v=XivddFddthc","strIngredient1":"Chicken","strIngredient2":"Ginger","strIngredient3":"Garlic","strIngredient4":"Soy sauce","strIngredient5":"Sake","strIngredient6":"Granulated sugar","strIngredient7":"Potato starch","strIngredient8":"Vegetable oil","strIngredient9":"Lemon","strIngredient10":"","strIngredient11":"","strIngredient12":"","strIngredient13":"","strIngredient14":"","strIngredient15":"","strIngredient16":"","strIngredient17":"","strIngredient18":"","strIngredient19":"","strIngredient20":"","strMeasure1":"450 grams Boneless skin","strMeasure2":"1 tablespoon","strMeasure3":"1 clove","strMeasure4":"2 tablespoons","strMeasure5":"1 tablespoon","strMeasure6":"2 teaspoon","strMeasure7":"1\/3 cup","strMeasure8":"1\/3 cup","strMeasure9":"1\/3 cup","strMeasure10":"","strMeasure11":"","strMeasure12":"","strMeasure13":"","strMeasure14":"","strMeasure15":"","strMeasure16":"","strMeasure17":"","strMeasure18":"","strMeasure19":"","strMeasure20":"","strSource":"https:\/\/norecipes.com\/karaage-recipe","strImageSource":null,"strCreativeCommonsConfirmed":null,"dateModified":null},{"idMeal":"52920","strMeal":"Chicken Marengo","strMealAlternate":null,"strCategory":"Chicken","strArea":"French","strInstructions":"Heat the oil in a large flameproof casserole dish and stir-fry the mushrooms until they start to soften. Add the chicken legs and cook briefly on each side to colour them a little.\r\nPour in the passata, crumble in the stock cube and stir in the olives. Season with black pepper \u2013 you shouldn\u2019t need salt. Cover and simmer for 40 mins until the chicken is tender. Sprinkle with parsley and serve with pasta and a salad, or mash and green veg, if you like.","strMealThumb":"https:\/\/www.themealdb.com\/images\/media\/meals\/qpxvuq1511798906.jpg","strTags":null,"strYoutube":"https:\/\/www.youtube.com\/watch?v=U33HYUr-0Fw","strIngredient1":"Olive Oil","strIngredient2":"Mushrooms","strIngredient3":"Chicken Legs","strIngredient4":"Passata","strIngredient5":"Chicken Stock Cube","strIngredient6":"Black Olives","strIngredient7":"Parsley","strIngredient8":"","strIngredient9":"","strIngredient10":"","strIngredient11":"","strIngredient12":"","strIngredient13":"","strIngredient14":"","strIngredient15":"","strIngredient16":"","strIngredient17":"","strIngredient18":"","strIngredient19":"","strIngredient20":"","strMeasure1":"1 tbs","strMeasure2":"300g","strMeasure3":"4","strMeasure4":"500g","strMeasure5":"1","strMeasure6":"100g ","strMeasure7":"Chopped","strMeasure8":"","strMeasure9":"","strMeasure10":"","strMeasure11":"","strMeasure12":"","strMeasure13":"","strMeasure14":"","strMeasure15":"","strMeasure16":"","strMeasure17":"","strMeasure18":"","strMeasure19":"","strMeasure20":"","strSource":"https:\/\/www.bbcgoodfood.com\/recipes\/3146682\/chicken-marengo","strImageSource":null,"strCreativeCommonsConfirmed":null,"dateModified":null},{"idMeal":"52806","strMeal":"Tandoori chicken","strMealAlternate":null,"strCategory":"Chicken","strArea":"Indian","strInstructions":"Mix the lemon juice with the paprika and red onions in a large shallow dish. Slash each chicken thigh three times, then turn them in the juice and set aside for 10 mins.\r\nMix all of the marinade ingredients together and pour over the chicken. Give everything a good mix, then cover and chill for at least 1 hr. This can be done up to a day in advance.\r\nHeat the grill. Lift the chicken pieces onto a rack over a baking tray. Brush over a little oil and grill for 8 mins on each side or until lightly charred and completely cooked through.","strMealThumb":"https:\/\/www.themealdb.com\/images\/media\/meals\/qptpvt1487339892.jpg","strTags":"Spicy,Meat","strYoutube":"https:\/\/www.youtube.com\/watch?v=-CKvt1KNU74","strIngredient1":"lemons","strIngredient2":"paprika","strIngredient3":"red onions","strIngredient4":"chicken thighs","strIngredient5":"vegetable oil","strIngredient6":"Greek yogurt","strIngredient7":"ginger","strIngredient8":"garlic clove","strIngredient9":"garam masala","strIngredient10":"ground cumin","strIngredient11":"chilli powder","strIngredient12":"turmeric","strIngredient13":"","strIngredient14":"","strIngredient15":"","strIngredient16":"","strIngredient17":"","strIngredient18":"","strIngredient19":"","strIngredient20":"","strMeasure1":"2 Juice","strMeasure2":"4 tsp","strMeasure3":"2 finely chopped","strMeasure4":"16 skinnless","strMeasure5":"For brushing","strMeasure6":"300ml ","strMeasure7":"large piece","strMeasure8":"4","strMeasure9":"\u00be tsp","strMeasure10":"\u00be tsp","strMeasure11":"\u00bd tsp","strMeasure12":"\u00bc tsp","strMeasure13":"","strMeasure14":"","strMeasure15":"","strMeasure16":"","strMeasure17":"","strMeasure18":"","strMeasure19":"","strMeasure20":"","strSource":"http:\/\/www.bbcgoodfood.com\/recipes\/1660651\/tandoori-chicken","strImageSource":null,"strCreativeCommonsConfirmed":null,"dateModified":null},{"idMeal":"52850","strMeal":"Chicken Couscous","strMealAlternate":null,"strCategory":"Chicken","strArea":"Moroccan","strInstructions":"Heat the olive oil in a large frying pan and cook the onion for 1-2 mins just until softened. Add the chicken and fry for 7-10 mins until cooked through and the onions have turned golden. Grate over the ginger, stir through the harissa to coat everything and cook for 1 min more.\r\n\r\nTip in the apricots, chickpeas and couscous, then pour over the stock and stir once. Cover with a lid or tightly cover the pan with foil and leave for about 5 mins until the couscous has soaked up all the stock and is soft. Fluff up the couscous with a fork and scatter over the coriander to serve. Serve with extra harissa, if you like.","strMealThumb":"https:\/\/www.themealdb.com\/images\/media\/meals\/qxytrx1511304021.jpg","strTags":null,"strYoutube":"https:\/\/www.youtube.com\/watch?v=GZQGy9oscVk","strIngredient1":"Olive Oil","strIngredient2":"Onion","strIngredient3":"Chicken Breast","strIngredient4":"Ginger","strIngredient5":"Harissa Spice","strIngredient6":"Dried Apricots","strIngredient7":"Chickpeas","strIngredient8":"Couscous","strIngredient9":"Chicken Stock","strIngredient10":"Coriander","strIngredient11":"","strIngredient12":"","strIngredient13":"","strIngredient14":"","strIngredient15":"","strIngredient16":"","strIngredient17":"","strIngredient18":"","strIngredient19":"","strIngredient20":"","strMeasure1":"1 tbsp","strMeasure2":"1 chopped","strMeasure3":"200g","strMeasure4":"pinch","strMeasure5":"2 tblsp ","strMeasure6":"10","strMeasure7":"220g","strMeasure8":"200g","strMeasure9":"200ml","strMeasure10":"Handful","strMeasure11":"","strMeasure12":"","strMeasure13":"","strMeasure14":"","strMeasure15":"","strMeasure16":"","strMeasure17":"","strMeasure18":"","strMeasure19":"","strMeasure20":"","strSource":"https:\/\/www.bbcgoodfood.com\/recipes\/13139\/onepan-chicken-couscous","strImageSource":null,"strCreativeCommonsConfirmed":null,"dateModified":null},{"idMeal":"52945","strMeal":"Kung Pao Chicken","strMealAlternate":null,"strCategory":"Chicken","strArea":"Chinese","strInstructions":"Combine the sake or rice wine, soy sauce, sesame oil and cornflour dissolved in water. Divide mixture in half.\r\nIn a glass dish or bowl, combine half of the sake mixture with the chicken pieces and toss to coat. Cover dish and place in refrigerator for about 30 minutes.\r\nIn a medium frying pan, combine remaining sake mixture, chillies, vinegar and sugar. Mix together and add spring onion, garlic, water chestnuts and peanuts. Heat sauce slowly over medium heat until aromatic.\r\nMeanwhile, remove chicken from marinade and saut\u00e9 in a large frying pan until juices run clear. When sauce is aromatic, add saut\u00e9ed chicken and let simmer together until sauce thickens.","strMealThumb":"https:\/\/www.themealdb.com\/images\/media\/meals\/1525872624.jpg","strTags":null,"strYoutube":"https:\/\/www.youtube.com\/watch?v=QqdcCHQlOe0","strIngredient1":"Sake","strIngredient2":"Soy Sauce","strIngredient3":"Sesame Seed Oil","strIngredient4":"Corn Flour","strIngredient5":"Water","strIngredient6":"Chicken","strIngredient7":"Chilli Powder","strIngredient8":"Rice Vinegar","strIngredient9":"Brown Sugar","strIngredient10":"Spring Onions","strIngredient11":"Garlic Clove","strIngredient12":"Water Chestnut","strIngredient13":"Peanuts","strIngredient14":"","strIngredient15":"","strIngredient16":"","strIngredient17":"","strIngredient18":"","strIngredient19":"","strIngredient20":"","strMeasure1":"2 tbs","strMeasure2":"2 tbs","strMeasure3":"2 tbs","strMeasure4":"2 tbs","strMeasure5":"2 tbs","strMeasure6":"500g","strMeasure7":"1 tbs","strMeasure8":"1 tsp ","strMeasure9":"1 tbs","strMeasure10":"4 Chopped","strMeasure11":"6 cloves","strMeasure12":"220g","strMeasure13":"100g ","strMeasure14":"","strMeasure15":"","strMeasure16":"","strMeasure17":"","strMeasure18":"","strMeasure19":"","strMeasure20":"","strSource":"http:\/\/allrecipes.co.uk\/recipe\/1773\/kung-pao-chicken.aspx","strImageSource":null,"strCreativeCommonsConfirmed":null,"dateModified":null},{"idMeal":"52934","strMeal":"Chicken Basquaise","strMealAlternate":null,"strCategory":"Chicken","strArea":"French","strInstructions":"Preheat the oven to 180\u00b0C\/Gas mark 4. Have the chicken joints ready to cook. Heat the butter and 3 tbsp olive oil in a flameproof casserole or large frying pan. Brown the chicken pieces in batches on both sides, seasoning them with salt and pepper as you go. Don't crowd the pan - fry the chicken in small batches, removing the pieces to kitchen paper as they are done.\r\n\r\nAdd a little more olive oil to the casserole and fry the onions over a medium heat for 10 minutes, stirring frequently, until softened but not browned. Add the rest of the oil, then the peppers and cook for another 5 minutes.\r\n\r\nAdd the chorizo, sun-dried tomatoes and garlic and cook for 2-3 minutes. Add the rice, stirring to ensure it is well coated in the oil. Stir in the tomato paste, paprika, bay leaves and chopped thyme. Pour in the stock and wine. When the liquid starts to bubble, turn the heat down to a gentle simmer. Press the rice down into the liquid if it isn't already submerged and place the chicken on top. Add the lemon wedges and olives around the chicken.\r\n\r\nCover and cook in the oven for 50 minutes. The rice should be cooked but still have some bite, and the chicken should have juices that run clear when pierced in the thickest part with a knife. If not, cook for another 5 minutes and check again.","strMealThumb":"https:\/\/www.themealdb.com\/images\/media\/meals\/wruvqv1511880994.jpg","strTags":"Meat","strYoutube":"https:\/\/www.youtube.com\/watch?v=emfm6TwsVhg","strIngredient1":"Chicken","strIngredient2":"Butter","strIngredient3":"Olive Oil","strIngredient4":"Red Onions","strIngredient5":"Red Pepper","strIngredient6":"Chorizo","strIngredient7":"Sun-Dried Tomatoes","strIngredient8":"Garlic","strIngredient9":"Basmati Rice","strIngredient10":"Tomato Puree","strIngredient11":"Paprika","strIngredient12":"Bay Leaves","strIngredient13":"Thyme","strIngredient14":"Chicken Stock","strIngredient15":"Dry White Wine","strIngredient16":"Lemons","strIngredient17":"Black Olives","strIngredient18":"Salt","strIngredient19":"Pepper","strIngredient20":"","strMeasure1":"1.5kg","strMeasure2":"25g","strMeasure3":"6 tblsp","strMeasure4":"2 sliced","strMeasure5":"3 Large","strMeasure6":"130g","strMeasure7":"8","strMeasure8":"6 cloves sliced","strMeasure9":"300g","strMeasure10":"drizzle","strMeasure11":"\u00bd tsp","strMeasure12":"4","strMeasure13":"Handful","strMeasure14":"350ml","strMeasure15":"180g","strMeasure16":"2","strMeasure17":"100g ","strMeasure18":"to serve","strMeasure19":"to serve","strMeasure20":"","strSource":"https:\/\/www.rivercottage.net\/recipes\/chicken-basquaise","strImageSource":null,"strCreativeCommonsConfirmed":null,"dateModified":null},{"idMeal":"52879","strMeal":"Chicken Parmentier","strMealAlternate":null,"strCategory":"Chicken","strArea":"French","strInstructions":"For the topping, boil the potatoes in salted water until tender. Drain and push through a potato ricer, or mash thoroughly. Stir in the butter, cream and egg yolks. Season and set aside.\r\nFor the filling, melt the butter in a large pan. Add the shallots, carrots and celery and gently fry until soft, then add the garlic. Pour in the wine and cook for 1 minute. Stir in the tomato pur\u00e9e, chopped tomatoes and stock and cook for 10\u201315 minutes, until thickened. Add the shredded chicken, olives and parsley. Season to taste with salt and pepper.\r\nPreheat the oven to 180C\/160C Fan\/Gas 4.\r\nPut the filling in a 20x30cm\/8x12in ovenproof dish and top with the mashed potato. Grate over the Gruy\u00e8re. Bake for 30\u201335 minutes, until piping hot and the potato is golden-brown.","strMealThumb":"https:\/\/www.themealdb.com\/images\/media\/meals\/uwvxpv1511557015.jpg","strTags":"Meat,Dairy","strYoutube":"https:\/\/www.youtube.com\/watch?v=tiG-xlmeyjg","strIngredient1":"Potatoes","strIngredient2":"Butter","strIngredient3":"Double Cream","strIngredient4":"Egg Yolks","strIngredient5":"Butter","strIngredient6":"Shallots","strIngredient7":"Carrots","strIngredient8":"Celery","strIngredient9":"Garlic Clove","strIngredient10":"White Wine","strIngredient11":"Tomato Puree","strIngredient12":"Tinned Tomatos","strIngredient13":"Chicken Stock","strIngredient14":"Chicken","strIngredient15":"Black Olives","strIngredient16":"Parsley","strIngredient17":"Gruyere cheese","strIngredient18":"","strIngredient19":"","strIngredient20":"","strMeasure1":"1.5kg","strMeasure2":"30g","strMeasure3":"5 tblsp ","strMeasure4":"2","strMeasure5":"30g","strMeasure6":"7","strMeasure7":"3 chopped","strMeasure8":"2 sticks","strMeasure9":"1 finely chopped ","strMeasure10":"4 tbsp","strMeasure11":"1 tbls","strMeasure12":"400g","strMeasure13":"350ml","strMeasure14":"600g","strMeasure15":"16","strMeasure16":"2 tbs","strMeasure17":"50g","strMeasure18":"","strMeasure19":"","strMeasure20":"","strSource":"https:\/\/www.bbc.co.uk\/food\/recipes\/chicken_parmentier_25434","strImageSource":null,"strCreativeCommonsConfirmed":null,"dateModified":null},{"idMeal":"52940","strMeal":"Brown Stew Chicken","strMealAlternate":null,"strCategory":"Chicken","strArea":"Jamaican","strInstructions":"Squeeze lime over chicken and rub well. Drain off excess lime juice.\r\nCombine tomato, scallion, onion, garlic, pepper, thyme, pimento and soy sauce in a large bowl with the chicken pieces. Cover and marinate at least one hour.\r\nHeat oil in a dutch pot or large saucepan. Shake off the seasonings as you remove each piece of chicken from the marinade. Reserve the marinade for sauce.\r\nLightly brown the chicken a few pieces at a time in very hot oil. Place browned chicken pieces on a plate to rest while you brown the remaining pieces.\r\nDrain off excess oil and return the chicken to the pan. Pour the marinade over the chicken and add the carrots. Stir and cook over medium heat for 10 minutes.\r\nMix flour and coconut milk and add to stew, stirring constantly. Turn heat down to minimum and cook another 20 minutes or until tender.","strMealThumb":"https:\/\/www.themealdb.com\/images\/media\/meals\/sypxpx1515365095.jpg","strTags":"Stew","strYoutube":"https:\/\/www.youtube.com\/watch?v=_gFB1fkNhXs","strIngredient1":"Chicken","strIngredient2":"Tomato","strIngredient3":"Onions","strIngredient4":"Garlic Clove","strIngredient5":"Red Pepper","strIngredient6":"Carrots","strIngredient7":"Lime","strIngredient8":"Thyme","strIngredient9":"Allspice","strIngredient10":"Soy Sauce","strIngredient11":"Cornstarch","strIngredient12":"Coconut Milk","strIngredient13":"Vegetable Oil","strIngredient14":"","strIngredient15":"","strIngredient16":"","strIngredient17":"","strIngredient18":"","strIngredient19":"","strIngredient20":"","strMeasure1":"1 whole","strMeasure2":"1 chopped","strMeasure3":"2 chopped","strMeasure4":"2 chopped","strMeasure5":"1 chopped","strMeasure6":"1 chopped","strMeasure7":"1","strMeasure8":"2 tsp","strMeasure9":"1 tsp ","strMeasure10":"2 tbs","strMeasure11":"2 tsp","strMeasure12":"2 cups ","strMeasure13":"1 tbs","strMeasure14":"","strMeasure15":"","strMeasure16":"","strMeasure17":"","strMeasure18":"","strMeasure19":"","strMeasure20":"","strSource":"http:\/\/www.geniuskitchen.com\/recipe\/authentic-jamaican-brown-stew-chicken-347996","strImageSource":null,"strCreativeCommonsConfirmed":null,"dateModified":null},{"idMeal":"52820","strMeal":"Katsu Chicken curry","strMealAlternate":null,"strCategory":"Chicken","strArea":"Japanese","strInstructions":"Prep:15min  \u203a  Cook:30min  \u203a  Ready in:45min \r\n\r\nFor the curry sauce: Heat oil in medium non-stick saucepan, add onion and garlic and cook until softened. Stir in carrots and cook over low heat for 10 to 12 minutes.\r\nAdd flour and curry powder; cook for 1 minute. Gradually stir in stock until combined; add honey, soy sauce and bay leaf. Slowly bring to the boil.\r\nTurn down heat and simmer for 20 minutes or until sauce thickens but is still of pouring consistency. Stir in garam masala. Pour the curry sauce through a sieve; return to saucepan and keep on low heat until ready to serve.\r\nFor the chicken: Season both sides of chicken breasts with salt and pepper. Place flour, egg and breadcrumbs in separate bowls and arrange in a row. Coat the chicken breasts in flour, then dip them into the egg, then coat in breadcrumbs, making sure you cover both sides.\r\nHeat oil in large frying pan over medium-high heat. Place chicken into hot oil and cook until golden brown, about 3 or 4 minutes each side. Once cooked, place on kitchen paper to absorb excess oil.\r\nPour curry sauce over chicken, serve with white rice and enjoy!","strMealThumb":"https:\/\/www.themealdb.com\/images\/media\/meals\/vwrpps1503068729.jpg","strTags":"Curry,Meat","strYoutube":"https:\/\/www.youtube.com\/watch?v=MWzxDFRtVbc","strIngredient1":"chicken breast","strIngredient2":"plain flour","strIngredient3":"egg","strIngredient4":"breadcrumbs","strIngredient5":"vegetable oil","strIngredient6":"sunflower oil","strIngredient7":"onions","strIngredient8":"garlic","strIngredient9":"carrot","strIngredient10":"plain flour","strIngredient11":"curry powder","strIngredient12":"chicken stock","strIngredient13":"honey","strIngredient14":"soy sauce","strIngredient15":"bay leaf","strIngredient16":"garam masala","strIngredient17":"","strIngredient18":"","strIngredient19":"","strIngredient20":"","strMeasure1":"4 pounded to 1cm thickness","strMeasure2":"2 tablespoons","strMeasure3":"1 beaten","strMeasure4":"100g fine","strMeasure5":"230ml frying","strMeasure6":"2 tablespoons","strMeasure7":"2 sliced","strMeasure8":"5 chopped cloves","strMeasure9":"2 sliced","strMeasure10":"2 tablespoons","strMeasure11":"4 teaspoons","strMeasure12":"600ml","strMeasure13":"2 teaspoons","strMeasure14":"4 teaspoons","strMeasure15":"1","strMeasure16":"1 teaspoon","strMeasure17":"","strMeasure18":"","strMeasure19":"","strMeasure20":"","strSource":"http:\/\/allrecipes.co.uk\/recipe\/29578\/chicken-katsu-curry.aspx","strImageSource":null,"strCreativeCommonsConfirmed":null,"dateModified":null},{"idMeal":"52851","strMeal":"Nutty Chicken Curry","strMealAlternate":null,"strCategory":"Chicken","strArea":"Indian","strInstructions":"Finely slice a quarter of the chilli, then put the rest in a food processor with the ginger, garlic, coriander stalks and one-third of the leaves. Whizz to a rough paste with a splash of water if needed.\r\nHeat the oil in a frying pan, then quickly brown the chicken chunks for 1 min. Stir in the paste for another min, then add the peanut butter, stock and yogurt. When the sauce is gently bubbling, cook for 10 mins until the chicken is just cooked through and sauce thickened. Stir in most of the remaining coriander, then scatter the rest on top with the chilli, if using. Eat with rice or mashed sweet potato.","strMealThumb":"https:\/\/www.themealdb.com\/images\/media\/meals\/yxsurp1511304301.jpg","strTags":null,"strYoutube":"https:\/\/www.youtube.com\/watch?v=nSQNfZxOdeU","strIngredient1":"Red Chilli","strIngredient2":"Ginger","strIngredient3":"Garlic","strIngredient4":"Coriander","strIngredient5":"Sunflower Oil","strIngredient6":"Chicken Breasts","strIngredient7":"Peanut Butter","strIngredient8":"Chicken Stock","strIngredient9":"Greek Yogurt","strIngredient10":"","strIngredient11":"","strIngredient12":"","strIngredient13":"","strIngredient14":"","strIngredient15":"","strIngredient16":"","strIngredient17":"","strIngredient18":"","strIngredient19":"","strIngredient20":"","strMeasure1":"1 large","strMeasure2":"0.5","strMeasure3":"1 large","strMeasure4":"Bunch","strMeasure5":"1 tbsp","strMeasure6":"4","strMeasure7":"5 tblsp ","strMeasure8":"150ml","strMeasure9":"200g","strMeasure10":"","strMeasure11":"","strMeasure12":"","strMeasure13":"","strMeasure14":"","strMeasure15":"","strMeasure16":"","strMeasure17":"","strMeasure18":"","strMeasure19":"","strMeasure20":"","strSource":"https:\/\/www.bbcgoodfood.com\/recipes\/11753\/nutty-chicken-curry","strImageSource":null,"strCreativeCommonsConfirmed":null,"dateModified":null},{"idMeal":"52951","strMeal":"General Tsos Chicken","strMealAlternate":null,"strCategory":"Chicken","strArea":"Chinese","strInstructions":"DIRECTIONS:\r\nSTEP 1 - SAUCE\r\nIn a bowl, add 2 Cups of water, 2 Tablespoon soy sauce, 2 Tablespoon white vinegar, sherry cooking wine, 1\/4 Teaspoon white pepper, minced ginger, minced garlic, hot pepper, ketchup, hoisin sauce, and sugar.\r\nMix together well and set aside.\r\nSTEP 2 - MARINATING THE CHICKEN\r\nIn a bowl, add the chicken, 1 pinch of salt, 1 pinch of white pepper, 2 egg whites, and 3 Tablespoon of corn starch\r\nSTEP 3 - DEEP FRY THE CHICKEN\r\nDeep fry the chicken at 350 degrees for 3-4 minutes or until it is golden brown and loosen up the chicken so that they don't stick together.\r\nSet the chicken aside.\r\nSTEP 4 - STIR FRY\r\nAdd the sauce to the wok and then the broccoli and wait until it is boiling.\r\nTo thicken the sauce, whisk together 2 Tablespoon of cornstarch and 4 Tablespoon of water in a bowl and slowly add to your stir-fry until it's the right thickness.\r\nNext add in the chicken and stir-fry for a minute and serve on a plate","strMealThumb":"https:\/\/www.themealdb.com\/images\/media\/meals\/1529444113.jpg","strTags":null,"strYoutube":"https:\/\/www.youtube.com\/watch?v=wWGwz0iBmvU","strIngredient1":"Chicken Breast","strIngredient2":"Plain Flour","strIngredient3":"Egg","strIngredient4":"Starch","strIngredient5":"Baking Powder","strIngredient6":"Salt","strIngredient7":"Onion Salt","strIngredient8":"Garlic Powder","strIngredient9":"Water","strIngredient10":"Chicken Stock","strIngredient11":"Duck Sauce","strIngredient12":"Soy Sauce","strIngredient13":"Honey","strIngredient14":"Rice Vinegar","strIngredient15":"Sesame Seed Oil","strIngredient16":"Gochujang","strIngredient17":"Starch","strIngredient18":"Garlic","strIngredient19":"Spring Onions","strIngredient20":"Ginger","strMeasure1":"1 1\/2 ","strMeasure2":"3\/4 cup ","strMeasure3":"1","strMeasure4":"2 tbs","strMeasure5":"1 tbs","strMeasure6":"1 tsp ","strMeasure7":"1\/2 tsp","strMeasure8":"1\/4 tsp","strMeasure9":"3\/4 cup ","strMeasure10":"1\/2 cup ","strMeasure11":"1\/4 cup","strMeasure12":"3 tbs","strMeasure13":"2 tbs","strMeasure14":"1 tbs","strMeasure15":"2 tbs","strMeasure16":"1\/2 tbs","strMeasure17":"2 tbs","strMeasure18":"1 clove","strMeasure19":"2 chopped","strMeasure20":"1 tsp ","strSource":"https:\/\/www.skinnytaste.com\/general-tsos-chicken\/","strImageSource":null,"strCreativeCommonsConfirmed":null,"dateModified":null},{"idMeal":"52813","strMeal":"Kentucky Fried Chicken","strMealAlternate":null,"strCategory":"Chicken","strArea":"American","strInstructions":"Preheat fryer to 350\u00b0F. Thoroughly mix together all the spice mix ingredients.\r\nCombine spice mix with flour, brown sugar and salt.\r\nDip chicken pieces in egg white to lightly coat them, then transfer to flour mixture. Turn a few times and make sure the flour mix is really stuck to the chicken. Repeat with all the chicken pieces.\r\nLet chicken pieces rest for 5 minutes so crust has a chance to dry a bit.\r\nFry chicken in batches. Breasts and wings should take 12-14 minutes, and legs and thighs will need a few more minutes. Chicken pieces are done when a meat thermometer inserted into the thickest part reads 165\u00b0F.\r\nLet chicken drain on a few paper towels when it comes out of the fryer. Serve hot.","strMealThumb":"https:\/\/www.themealdb.com\/images\/media\/meals\/xqusqy1487348868.jpg","strTags":"Meat,Spicy","strYoutube":"https:\/\/www.youtube.com\/watch?v=PTUxCvCz8Bc","strIngredient1":"Chicken","strIngredient2":"Oil","strIngredient3":"Egg White","strIngredient4":"Flour","strIngredient5":"Brown Sugar","strIngredient6":"Salt","strIngredient7":"paprika","strIngredient8":"onion salt","strIngredient9":"chili powder","strIngredient10":"black pepper","strIngredient11":"celery salt","strIngredient12":"sage","strIngredient13":"garlic powder","strIngredient14":"allspice","strIngredient15":"oregano","strIngredient16":"basil","strIngredient17":"marjoram","strIngredient18":"","strIngredient19":"","strIngredient20":"","strMeasure1":"1 whole","strMeasure2":"2 quarts neutral frying","strMeasure3":"1","strMeasure4":"1 1\/2 cups ","strMeasure5":"1 tablespoon","strMeasure6":"1 tablespoon","strMeasure7":"1 tablespoon","strMeasure8":"2 teaspoons","strMeasure9":"1 teaspoon","strMeasure10":"1 teaspoon","strMeasure11":"1\/2 teaspoon","strMeasure12":"1\/2 teaspoon","strMeasure13":"1\/2 teaspoon","strMeasure14":"1\/2 teaspoon","strMeasure15":"1\/2 teaspoon","strMeasure16":"1\/2 teaspoon","strMeasure17":"1\/2 teaspoon","strMeasure18":"","strMeasure19":"","strMeasure20":"","strSource":"http:\/\/www.tablespoon.com\/recipes\/copycat-kfc-original-style-chicken\/97c93d14-9d8c-4bc7-96dc-1e0b37e4fcaa","strImageSource":null,"strCreativeCommonsConfirmed":null,"dateModified":null},{"idMeal":"52875","strMeal":"Chicken Ham and Leek Pie","strMealAlternate":null,"strCategory":"Chicken","strArea":"British","strInstructions":"Heat the chicken stock in a lidded saucepan. Add the chicken breast and bring to a low simmer. Cover with a lid and cook for 10 minutes. Remove the chicken breasts from the water with tongs and place on a plate. Pour the cooking liquor into a large jug.\r\nMelt 25g\/1oz of the butter in a large heavy-based saucepan over a low heat. Stir in the leeks and fry gently for two minutes, stirring occasionally until just softened. Add the garlic and cook for a further minute. Add the remaining butter and stir in the flour as soon as the butter has melted. Cook for 30 seconds, stirring constantly.\r\nSlowly pour the milk into the pan, just a little at a time, stirring well between each adding. Gradually add 250ml\/10fl oz of the reserved stock and the wine, if using, stirring until the sauce is smooth and thickened slightly. Bring to a gentle simmer and cook for 3 minutes.\r\nSeason the mixture, to taste, with salt and freshly ground black pepper. Remove from the heat and stir in the cream. Pour into a large bowl and cover the surface of the sauce with cling ilm to prevent a skin forming. Set aside to cool.\r\nPreheat the oven to 200C\/400F\/Gas 6. Put a baking tray in the oven to heat.\r\nFor the pastry, put the flour and butter in a food processor and blend on the pulse setting until the mixture resembles fine breadcrumbs. With the motor running, add the beaten egg and water and blend until the mixture forms a ball. Portion off 250g\/10oz of pastry for the lid.\r\nRoll the remaining pastry out on a lightly floured surface, turning the pastry frequently until around 5mm\/\u00bcin thick and 4cm\/1\u00bdin larger than the pie dish. Lift the pastry over the rolling pin and place it gently into the pie dish. Press the pastry firmly up the sides, making sure there are no air bubbles. Leave the excess pastry overhanging the sides.\r\nCut the chicken breasts into 3cm\/1\u00bcin pieces. Stir the chicken, ham and leeks into the cooled sauce. Pour the chicken filling into the pie dish. Brush the rim of the dish with beaten egg. Roll out the reserved pastry for the lid.\r\nCover the pie with the pastry lid and press the edges together firmly to seal. Trim any excess pastry.\r\nMake a small hole in the centre of the pie with the tip of a knife. Glaze the top of the pie with beaten egg. Bake on the preheated tray in the centre of the oven for 35-40 minutes or until the pie is golden-brown all over and the filling is piping hot.","strMealThumb":"https:\/\/www.themealdb.com\/images\/media\/meals\/xrrtss1511555269.jpg","strTags":"Pie,Meat","strYoutube":"https:\/\/www.youtube.com\/watch?v=xr-CpPE_lNk","strIngredient1":"Chicken Stock","strIngredient2":"Chicken Breast","strIngredient3":"Butter","strIngredient4":"Leek","strIngredient5":"Garlic","strIngredient6":"Plain Flour","strIngredient7":"Milk","strIngredient8":"White Wine","strIngredient9":"Double Cream","strIngredient10":"Ham","strIngredient11":"Sea Salt","strIngredient12":"Pepper","strIngredient13":"Plain Flour","strIngredient14":"Butter","strIngredient15":"Free-range Egg, Beaten","strIngredient16":"Cold Water","strIngredient17":"Free-range Egg, Beaten","strIngredient18":"","strIngredient19":"","strIngredient20":"","strMeasure1":"450ml","strMeasure2":"3","strMeasure3":"75g","strMeasure4":"2 sliced","strMeasure5":"2 cloves minced","strMeasure6":"50g","strMeasure7":"200ml","strMeasure8":"3 tbs","strMeasure9":"150ml","strMeasure10":"150g","strMeasure11":"spinkling","strMeasure12":"pinch","strMeasure13":"350g","strMeasure14":"200g","strMeasure15":"1","strMeasure16":"1 tbls","strMeasure17":"1","strMeasure18":"","strMeasure19":"","strMeasure20":"","strSource":"https:\/\/www.bbc.co.uk\/food\/recipes\/creamy_chicken_ham_and_03877","strImageSource":null,"strCreativeCommonsConfirmed":null,"dateModified":null},{"idMeal":"52796","strMeal":"Chicken Alfredo Primavera","strMealAlternate":null,"strCategory":"Chicken","strArea":"Italian","strInstructions":"Heat 1 tablespoon of butter and 2 tablespoons of olive oil in a large skillet over medium-high heat. Season both sides of each chicken breast with seasoned salt and a pinch of pepper. Add the chicken to the skillet and cook for 5-7 minutes on each side, or until cooked through.  While the chicken is cooking, bring a large pot of water to a boil. Season the boiling water with a few generous pinches of kosher salt. Add the pasta and give it a stir. Cook, stirring occasionally, until al dente, about 12 minutes. Reserve 1\/2 cup of  pasta water before draining the pasta.  Remove the chicken from the pan and transfer it to a cutting board; allow it to rest. Turn the heat down to medium and dd the remaining 1 tablespoon of butter and olive oil to the same pan you used to cook the chicken. Add the veggies (minus the garlic) and red pepper flakes to the pan and stir to coat with the oil and butter (refrain from seasoning with salt until the veggies are finished browning). Cook, stirring often, until the veggies are tender, about 5 minutes. Add the garlic and a generous pinch of salt and pepper to the pan and cook for 1 minute.  Deglaze the pan with the white wine. Continue to cook until the wine has reduced by half, about 3 minutes. Stir in the milk, heavy cream, and reserved pasta water. Bring the mixture to a gentle boil and allow to simmer and reduce for 2-3 minutes. Turn off the heat and add the Parmesan cheese and cooked pasta. Season with salt and pepper to taste. Garnish with Parmesan cheese and chopped parsley, if desired. ","strMealThumb":"https:\/\/www.themealdb.com\/images\/media\/meals\/syqypv1486981727.jpg","strTags":"Pasta,Meat,Dairy","strYoutube":"https:\/\/www.youtube.com\/watch?v=qCIbq8HywpQ","strIngredient1":"Butter","strIngredient2":"Olive Oil","strIngredient3":"Chicken","strIngredient4":"Salt","strIngredient5":"Squash","strIngredient6":"Broccoli","strIngredient7":"mushrooms","strIngredient8":"Pepper","strIngredient9":"onion","strIngredient10":"garlic","strIngredient11":"red pepper flakes","strIngredient12":"white wine","strIngredient13":"milk","strIngredient14":"heavy cream","strIngredient15":"Parmesan cheese","strIngredient16":"bowtie pasta","strIngredient17":"Salt","strIngredient18":"Pepper","strIngredient19":"Parsley","strIngredient20":"","strMeasure1":"2 tablespoons","strMeasure2":"3 tablespoons","strMeasure3":"5 boneless","strMeasure4":"1 teaspoon","strMeasure5":"1 cut into 1\/2-inch cubes","strMeasure6":"1 Head chopped","strMeasure7":"8-ounce sliced","strMeasure8":"1 red","strMeasure9":"1 chopped","strMeasure10":"3 cloves","strMeasure11":"1\/2 teaspoon","strMeasure12":"1\/2 cup","strMeasure13":"1\/2 cup","strMeasure14":"1\/2 cup","strMeasure15":"1 cup grated","strMeasure16":"16 ounces","strMeasure17":"pinch","strMeasure18":"pinch ","strMeasure19":"chopped","strMeasure20":"","strSource":"","strImageSource":null,"strCreativeCommonsConfirmed":null,"dateModified":null},{"idMeal":"52846","strMeal":"Chicken & mushroom Hotpot","strMealAlternate":null,"strCategory":"Chicken","strArea":"British","strInstructions":"Heat oven to 200C\/180C fan\/gas 6. Put the butter in a medium-size saucepan and place over a medium heat. Add the onion and leave to cook for 5 mins, stirring occasionally. Add the mushrooms to the saucepan with the onions.\r\n\r\nOnce the onion and mushrooms are almost cooked, stir in the flour \u2013 this will make a thick paste called a roux. If you are using a stock cube, crumble the cube into the roux now and stir well. Put the roux over a low heat and stir continuously for 2 mins \u2013 this will cook the flour and stop the sauce from having a floury taste.\r\n\r\nTake the roux off the heat. Slowly add the fresh stock, if using, or pour in 500ml water if you\u2019ve used a stock cube, stirring all the time. Once all the liquid has been added, season with pepper, a pinch of nutmeg and mustard powder. Put the saucepan back onto a medium heat and slowly bring it to the boil, stirring all the time. Once the sauce has thickened, place on a very low heat. Add the cooked chicken and vegetables to the sauce and stir well. Grease a medium-size ovenproof pie dish with a little butter and pour in the chicken and mushroom filling.\r\n\r\nCarefully lay the potatoes on top of the hot-pot filling, overlapping them slightly, almost like a pie top.\r\n\r\nBrush the potatoes with a little melted butter and cook in the oven for about 35 mins. The hot-pot is ready once the potatoes are cooked and golden brown.","strMealThumb":"https:\/\/www.themealdb.com\/images\/media\/meals\/uuuspp1511297945.jpg","strTags":null,"strYoutube":"https:\/\/www.youtube.com\/watch?v=bXKWu4GojNI","strIngredient1":"Butter","strIngredient2":"Onion","strIngredient3":"Mushrooms","strIngredient4":"Plain Flour","strIngredient5":"Chicken Stock Cube","strIngredient6":"Nutmeg","strIngredient7":"Mustard Powder","strIngredient8":"Chicken","strIngredient9":"Sweetcorn","strIngredient10":"Potatoes","strIngredient11":"Butter","strIngredient12":"","strIngredient13":"","strIngredient14":"","strIngredient15":"","strIngredient16":"","strIngredient17":"","strIngredient18":"","strIngredient19":"","strIngredient20":"","strMeasure1":"50g","strMeasure2":"1 chopped","strMeasure3":"100g ","strMeasure4":"40g","strMeasure5":"1","strMeasure6":"pinch","strMeasure7":"pinch","strMeasure8":"250g","strMeasure9":"2 Handfuls","strMeasure10":"2 large","strMeasure11":"1 knob","strMeasure12":"","strMeasure13":"","strMeasure14":"","strMeasure15":"","strMeasure16":"","strMeasure17":"","strMeasure18":"","strMeasure19":"","strMeasure20":"","strSource":"https:\/\/www.bbcgoodfood.com\/recipes\/chicken-mushroom-hot-pot","strImageSource":null,"strCreativeCommonsConfirmed":null,"dateModified":null},{"idMeal":"52772","strMeal":"Teriyaki Chicken Casserole","strMealAlternate":null,"strCategory":"Chicken","strArea":"Japanese","strInstructions":"Preheat oven to 350\u00b0 F. Spray a 9x13-inch baking pan with non-stick spray.\r\nCombine soy sauce, \u00bd cup water, brown sugar, ginger and garlic in a small saucepan and cover. Bring to a boil over medium heat. Remove lid and cook for one minute once boiling.\r\nMeanwhile, stir together the corn starch and 2 tablespoons of water in a separate dish until smooth. Once sauce is boiling, add mixture to the saucepan and stir to combine. Cook until the sauce starts to thicken then remove from heat.\r\nPlace the chicken breasts in the prepared pan. Pour one cup of the sauce over top of chicken. Place chicken in oven and bake 35 minutes or until cooked through. Remove from oven and shred chicken in the dish using two forks.\r\n*Meanwhile, steam or cook the vegetables according to package directions.\r\nAdd the cooked vegetables and rice to the casserole dish with the chicken. Add most of the remaining sauce, reserving a bit to drizzle over the top when serving. Gently toss everything together in the casserole dish until combined. Return to oven and cook 15 minutes. Remove from oven and let stand 5 minutes before serving. Drizzle each serving with remaining sauce. Enjoy!","strMealThumb":"https:\/\/www.themealdb.com\/images\/media\/meals\/wvpsxx1468256321.jpg","strTags":"Meat,Casserole","strYoutube":"https:\/\/www.youtube.com\/watch?v=4aZr5hZXP_s","strIngredient1":"soy sauce","strIngredient2":"water","strIngredient3":"brown sugar","strIngredient4":"ground ginger","strIngredient5":"minced garlic","strIngredient6":"cornstarch","strIngredient7":"chicken breasts","strIngredient8":"stir-fry vegetables","strIngredient9":"brown rice","strIngredient10":"","strIngredient11":"","strIngredient12":"","strIngredient13":"","strIngredient14":"","strIngredient15":"","strIngredient16":null,"strIngredient17":null,"strIngredient18":null,"strIngredient19":null,"strIngredient20":null,"strMeasure1":"3\/4 cup","strMeasure2":"1\/2 cup","strMeasure3":"1\/4 cup","strMeasure4":"1\/2 teaspoon","strMeasure5":"1\/2 teaspoon","strMeasure6":"4 Tablespoons","strMeasure7":"2","strMeasure8":"1 (12 oz.)","strMeasure9":"3 cups","strMeasure10":"","strMeasure11":"","strMeasure12":"","strMeasure13":"","strMeasure14":"","strMeasure15":"","strMeasure16":null,"strMeasure17":null,"strMeasure18":null,"strMeasure19":null,"strMeasure20":null,"strSource":null,"strImageSource":null,"strCreativeCommonsConfirmed":null,"dateModified":null},{"idMeal":"52780","strMeal":"Potato Gratin with Chicken","strMealAlternate":null,"strCategory":"Chicken","strArea":"Italian","strInstructions":"15 minute potato gratin with chicken and bacon greens: a gratin always seems more effort and more indulgent than ordinary boiled or roasts, but it doesn't have to take 45mins, it's nice for a change and you can control the calorie content by going with full fat to low fat creme fraiche. (It's always tastes better full fat though obviously!) to serve 4: use 800g of potatoes, finely slice and boil in a pan for about 5-8 mins till firmish, not soft. Finely slice 3 onions and place in an oven dish with 2 tblsp of olive oil and 100ml of chicken stock. Cook till the onions are soft then drain the potatoes and pour onto the onions. Season and spoon over cream or creme fraiche till all is covered but not swimming. Grate Parmesan over the top then finish under the grill till nicely golden. serve with chicken and bacon, peas and spinach.","strMealThumb":"https:\/\/www.themealdb.com\/images\/media\/meals\/qwrtut1468418027.jpg","strTags":null,"strYoutube":"https:\/\/www.youtube.com\/watch?v=p3u8eiy3yHI","strIngredient1":"Potatoes","strIngredient2":"Onions","strIngredient3":"Olive Oil","strIngredient4":"Chicken Stock","strIngredient5":"Creme Fraiche","strIngredient6":"Parmesan","strIngredient7":"Chicken Breasts","strIngredient8":"Bacon","strIngredient9":"Spinach","strIngredient10":"Peas","strIngredient11":"","strIngredient12":"","strIngredient13":"","strIngredient14":"","strIngredient15":"","strIngredient16":null,"strIngredient17":null,"strIngredient18":null,"strIngredient19":null,"strIngredient20":null,"strMeasure1":"800g","strMeasure2":"3","strMeasure3":"2 tblsp","strMeasure4":"100ml","strMeasure5":"1 pot","strMeasure6":"Topping","strMeasure7":"4","strMeasure8":"4","strMeasure9":"Topping","strMeasure10":"Topping","strMeasure11":"","strMeasure12":"","strMeasure13":"","strMeasure14":"","strMeasure15":"","strMeasure16":null,"strMeasure17":null,"strMeasure18":null,"strMeasure19":null,"strMeasure20":null,"strSource":"https:\/\/www.instagram.com\/p\/BHxR7hYBJ6P","strImageSource":null,"strCreativeCommonsConfirmed":null,"dateModified":null},{"idMeal":"53039","strMeal":"Piri-piri chicken and slaw","strMealAlternate":null,"strCategory":"Chicken","strArea":"Portuguese","strInstructions":"STEP 1\r\n\r\nWhizz together all of the marinade ingredients in a small food processor. Rub the marinade onto the chicken and leave for 1 hour at room temperature.\r\n\r\nSTEP 2\r\n\r\nHeat the oven to 190C\/fan 170C\/gas 5. Put the chicken in a roasting tray and cook for 1 hour 20 minutes. Rest under loose foil for 20 minutes. While the chicken is resting, mix together the slaw ingredients and season. Serve the chicken with slaw, fries and condiments.","strMealThumb":"https:\/\/www.themealdb.com\/images\/media\/meals\/hglsbl1614346998.jpg","strTags":null,"strYoutube":"https:\/\/www.youtube.com\/watch?v=_RKwKjskopk","strIngredient1":"Chicken","strIngredient2":"Red Chilli","strIngredient3":"Garlic","strIngredient4":"Ginger","strIngredient5":"Dried Oregano","strIngredient6":"Coriander","strIngredient7":"Paprika","strIngredient8":"Red Wine Vinegar","strIngredient9":"Oil","strIngredient10":"Red Onions","strIngredient11":"Carrots","strIngredient12":"Beetroot","strIngredient13":"Cabbage","strIngredient14":"Mayonnaise","strIngredient15":"Greek Yogurt","strIngredient16":"Red Wine Vinegar","strIngredient17":"Cumin Seeds","strIngredient18":"","strIngredient19":"","strIngredient20":"","strMeasure1":"1.5kg","strMeasure2":"3 chopped","strMeasure3":"2 cloves","strMeasure4":"1 tsp ","strMeasure5":"1 tsp ","strMeasure6":"1 tsp ","strMeasure7":"1 tsp ","strMeasure8":"2 tbs","strMeasure9":"2 tbs","strMeasure10":"1 sliced","strMeasure11":"2","strMeasure12":"1","strMeasure13":"4 leaves","strMeasure14":"2 tbs","strMeasure15":"2 tbs","strMeasure16":"2 tbs","strMeasure17":"1 tsp ","strMeasure18":" ","strMeasure19":" ","strMeasure20":" ","strSource":"https:\/\/www.olivemagazine.com\/recipes\/family\/piri-piri-chicken-and-winter-slaw\/","strImageSource":null,"strCreativeCommonsConfirmed":null,"dateModified":null},{"idMeal":"53011","strMeal":"Chicken Quinoa Greek Salad","strMealAlternate":null,"strCategory":"Chicken","strArea":"Greek","strInstructions":"Cook the quinoa following the pack instructions, then rinse in cold water and drain thoroughly.\r\n\r\nMeanwhile, mix the butter, chilli and garlic into a paste. Toss the chicken fillets in 2 tsp of the olive oil with some seasoning. Lay in a hot griddle pan and cook for 3-4 mins each side or until cooked through. Transfer to a plate, dot with the spicy butter and set aside to melt.\r\n\r\nNext, tip the tomatoes, olives, onion, feta and mint into a bowl. Toss in the cooked quinoa. Stir through the remaining olive oil, lemon juice and zest, and season well. Serve with the chicken fillets on top, drizzled with any buttery chicken juices.","strMealThumb":"https:\/\/www.themealdb.com\/images\/media\/meals\/k29viq1585565980.jpg","strTags":null,"strYoutube":"https:\/\/www.youtube.com\/watch?v=akcrkXYr61M","strIngredient1":"Quinoa","strIngredient2":"Butter","strIngredient3":"Red Chilli","strIngredient4":"Garlic","strIngredient5":"Chicken Breast","strIngredient6":"Olive Oil","strIngredient7":"Black Olives","strIngredient8":"Red Onions","strIngredient9":"Feta","strIngredient10":"Mint","strIngredient11":"Lemon","strIngredient12":"","strIngredient13":"","strIngredient14":"","strIngredient15":"","strIngredient16":"","strIngredient17":"","strIngredient18":"","strIngredient19":"","strIngredient20":"","strMeasure1":"225g","strMeasure2":"25g","strMeasure3":"1 chopped","strMeasure4":"1 clove finely chopped","strMeasure5":"400g","strMeasure6":"2 tbs","strMeasure7":"Handful","strMeasure8":"1 chopped","strMeasure9":"100g ","strMeasure10":"Chopped","strMeasure11":"Juice of 1\/2","strMeasure12":" ","strMeasure13":" ","strMeasure14":" ","strMeasure15":" ","strMeasure16":" ","strMeasure17":" ","strMeasure18":" ","strMeasure19":" ","strMeasure20":" ","strSource":"https:\/\/www.bbcgoodfood.com\/recipes\/griddled-chicken-quinoa-greek-salad","strImageSource":null,"strCreativeCommonsConfirmed":null,"dateModified":null},{"idMeal":"52765","strMeal":"Chicken Enchilada Casserole","strMealAlternate":null,"strCategory":"Chicken","strArea":"Mexican","strInstructions":"Cut each chicken breast in about 3 pieces, so that it cooks faster and put it in a small pot. Pour Enchilada sauce over it and cook covered on low to medium heat until chicken is cooked through, about 20 minutes. No water is needed, the chicken will cook in the Enchilada sauce. Make sure you stir occasionally so that it doesn't stick to the bottom.\r\nRemove chicken from the pot and shred with two forks.\r\nPreheat oven to 375 F degrees.\r\nStart layering the casserole. Start with about \u00bc cup of the leftover Enchilada sauce over the bottom of a baking dish. I used a longer baking dish, so that I can put 2 corn tortillas across. Place 2 tortillas on the bottom, top with \u2153 of the chicken and \u2153 of the remaining sauce. Sprinkle with \u2153 of the cheese and repeat starting with 2 more tortillas, then chicken, sauce, cheese. Repeat with last layer with the remaining ingredients, tortillas, chicken, sauce and cheese.\r\nBake for 20 to 30 minutes uncovered, until bubbly and cheese has melted and started to brown on top.\r\nServe warm.","strMealThumb":"https:\/\/www.themealdb.com\/images\/media\/meals\/qtuwxu1468233098.jpg","strTags":"Casserole,Cheasy,Meat","strYoutube":"https:\/\/www.youtube.com\/watch?v=EtVkwVKLc_M","strIngredient1":"Enchilada sauce","strIngredient2":"shredded Monterey Jack cheese","strIngredient3":"corn tortillas","strIngredient4":"chicken breasts","strIngredient5":null,"strIngredient6":null,"strIngredient7":null,"strIngredient8":null,"strIngredient9":null,"strIngredient10":null,"strIngredient11":null,"strIngredient12":null,"strIngredient13":null,"strIngredient14":null,"strIngredient15":null,"strIngredient16":null,"strIngredient17":null,"strIngredient18":null,"strIngredient19":null,"strIngredient20":null,"strMeasure1":"14 oz jar","strMeasure2":"3 Cups","strMeasure3":"6","strMeasure4":"2","strMeasure5":null,"strMeasure6":null,"strMeasure7":null,"strMeasure8":null,"strMeasure9":null,"strMeasure10":null,"strMeasure11":null,"strMeasure12":null,"strMeasure13":null,"strMeasure14":null,"strMeasure15":null,"strMeasure16":null,"strMeasure17":null,"strMeasure18":null,"strMeasure19":null,"strMeasure20":null,"strSource":null,"strImageSource":null,"strCreativeCommonsConfirmed":null,"dateModified":null},{"idMeal":"53020","strMeal":"Rosol (Polish Chicken Soup)","strMealAlternate":null,"strCategory":"Chicken","strArea":"Polish","strInstructions":"Add chicken to a large Dutch oven or stock pot \r\nCover with water\r\nBring to a boil and simmer for 2 to 2 1\/2 hours, skimming any impurities off the top to insure a clear broth\r\nIf your pot is big enough, add the vegetables and spices for the last hour of the cooking time\r\nMy Dutch oven wasn\u2019t big enough to hold everything, just the chicken and other bones filled the pot, so I cooked the meat\/bones for the full cooking time, then removed them, and cooked the vegetables and spices separately\r\nStrain everything out of the broth\r\nBone the chicken, pulling the meat into large chunks\r\nSlice the carrots\r\nReturn the chicken and carrots to the broth\r\nCook noodles according to package instructions if you\u2019re using them\r\nAdd noodles to bowl and then top with hot soup","strMealThumb":"https:\/\/www.themealdb.com\/images\/media\/meals\/lx1kkj1593349302.jpg","strTags":null,"strYoutube":"https:\/\/www.youtube.com\/watch?v=AU60fxyxXGw","strIngredient1":"Chicken Legs","strIngredient2":"Onions","strIngredient3":"Carrots","strIngredient4":"Leek","strIngredient5":"Celery","strIngredient6":"Cabbage","strIngredient7":"Cloves","strIngredient8":"Allspice","strIngredient9":"Bay Leaf","strIngredient10":"Parsley","strIngredient11":"Dill","strIngredient12":"Pepper","strIngredient13":"Salt","strIngredient14":"","strIngredient15":"","strIngredient16":"","strIngredient17":"","strIngredient18":"","strIngredient19":"","strIngredient20":"","strMeasure1":"4 Chopped","strMeasure2":"2 large","strMeasure3":"5 chopped","strMeasure4":"1 chopped","strMeasure5":"1 small","strMeasure6":"1\/4 ","strMeasure7":"1 whole","strMeasure8":"1tsp","strMeasure9":"2","strMeasure10":"4 sprigs","strMeasure11":"4 sprigs","strMeasure12":"1 tsp ","strMeasure13":"1 tbs","strMeasure14":" ","strMeasure15":" ","strMeasure16":" ","strMeasure17":" ","strMeasure18":" ","strMeasure19":" ","strMeasure20":" ","strSource":"https:\/\/polishhousewife.com\/rosol-polish-chicken-soup\/","strImageSource":null,"strCreativeCommonsConfirmed":null,"dateModified":null},{"idMeal":"52818","strMeal":"Chicken Fajita Mac and Cheese","strMealAlternate":null,"strCategory":"Chicken","strArea":"American","strInstructions":"Fry your onion, peppers and garlic in olive oil until nicely translucent. Make a well in your veg and add your chicken. Add your seasoning and salt. Allow to colour slightly.\r\nAdd your cream, stock and macaroni.\r\nCook on low for 20 minutes. Add your cheeses, stir to combine.\r\nTop with roasted peppers and parsley.","strMealThumb":"https:\/\/www.themealdb.com\/images\/media\/meals\/qrqywr1503066605.jpg","strTags":"Pasta,Cheasy,Meat","strYoutube":"https:\/\/www.youtube.com\/watch?v=bwTSmLTZKNg","strIngredient1":"macaroni","strIngredient2":"chicken stock","strIngredient3":"heavy cream","strIngredient4":"fajita seasoning","strIngredient5":"salt","strIngredient6":"chicken breast","strIngredient7":"olive oil","strIngredient8":"onion","strIngredient9":"red pepper","strIngredient10":"garlic","strIngredient11":"cheddar cheese","strIngredient12":"parsley","strIngredient13":"","strIngredient14":"","strIngredient15":"","strIngredient16":"","strIngredient17":"","strIngredient18":"","strIngredient19":"","strIngredient20":"","strMeasure1":"500g","strMeasure2":"2 cups","strMeasure3":"1\/2 cup","strMeasure4":"1 packet","strMeasure5":"1 tsp","strMeasure6":"3 diced","strMeasure7":"2 tbsp","strMeasure8":"1 small finely diced","strMeasure9":"2 finely diced","strMeasure10":"2 cloves minced","strMeasure11":"1 cup","strMeasure12":"garnish chopped","strMeasure13":"","strMeasure14":"","strMeasure15":"","strMeasure16":"","strMeasure17":"","strMeasure18":"","strMeasure19":"","strMeasure20":"","strSource":"http:\/\/twistedfood.co.uk\/chicken-fajita-mac-n-cheese\/","strImageSource":null,"strCreativeCommonsConfirmed":null,"dateModified":null},{"idMeal":"52830","strMeal":"Crock Pot Chicken Baked Tacos","strMealAlternate":null,"strCategory":"Chicken","strArea":"Mexican","strInstructions":"Put the uncooked chicken breasts in the crock pot. Pour the full bottle of salad dressing over the chicken. Sprinkle the rest of the ingredients over the top and mix them in a bit with a spoon.\r\nCover your crock pot with the lid and cook on high for 4 hours.\r\nRemove all the chicken breasts from the crock pot and let cool.\r\nShred the chicken breasts and move to a glass bowl.\r\nPour most of the liquid over the shredded chicken.\r\nFOR THE TACOS:\r\nMake the guacamole sauce by mixing the avocado and green salsa together. Pour the guacamole mixture through a strainer until smooth and transfer to a squeeze bottle. Cut the tip off the lid of the squeeze bottle to make the opening more wide if needed.\r\nMake the sour cream sauce by mixing the sour cream and milk together until you get a more liquid sour cream sauce. Transfer to a squeeze bottle.\r\nIn a 9x 13 glass baking dish, fill all 12+ tacos with a layer of refried beans, cooked chicken and shredded cheese.\r\nBake at 450 for 10-15 minutes just until the cheese is melted and bubbling.\r\nOut of the oven top all the tacos with the sliced grape tomaotes, jalapeno and cilantro.\r\nFinish with a drizzle of guacamole and sour cream.\r\nEnjoy!","strMealThumb":"https:\/\/www.themealdb.com\/images\/media\/meals\/ypxvwv1505333929.jpg","strTags":null,"strYoutube":"https:\/\/www.youtube.com\/watch?v=oqL0mLDBzS4","strIngredient1":"Chicken Breasts","strIngredient2":"Vinaigrette Dressing","strIngredient3":"Cumin","strIngredient4":"Smoked Paprika","strIngredient5":"Garlic","strIngredient6":"Refried Beans","strIngredient7":"Hard Taco Shells","strIngredient8":"Shredded Mexican Cheese","strIngredient9":"Grape Tomatoes","strIngredient10":"Jalapeno","strIngredient11":"Avocado","strIngredient12":"Green Salsa","strIngredient13":"Sour Cream","strIngredient14":"Milk","strIngredient15":"","strIngredient16":"","strIngredient17":"","strIngredient18":"","strIngredient19":"","strIngredient20":"","strMeasure1":"4 - 6","strMeasure2":"1 bottle","strMeasure3":"1\u00bd tablespoon","strMeasure4":"1 tablespoon","strMeasure5":"1 teaspoon","strMeasure6":"1 can","strMeasure7":"12","strMeasure8":"2 cups","strMeasure9":"Halved","strMeasure10":"Sliced and Seeded","strMeasure11":"Peeled and Sliced","strMeasure12":"2 tablespoons","strMeasure13":"3 tablespoons","strMeasure14":"1 tablespoon","strMeasure15":"","strMeasure16":"","strMeasure17":"","strMeasure18":"","strMeasure19":"","strMeasure20":"","strSource":"http:\/\/www.nobiggie.net\/crock-pot-chicken-baked-tacos\/","strImageSource":null,"strCreativeCommonsConfirmed":null,"dateModified":null}]}