<?xml version="1.0" encoding="UTF-8"?>
<project-private xmlns="http://www.netbeans.org/ns/project-private/1">
    <editor-bookmarks xmlns="http://www.netbeans.org/ns/editor-bookmarks/2" lastBookmarkId="0"/>
    <open-files xmlns="http://www.netbeans.org/ns/projectui-open-files/2">
        <group>
            <file>file:/C:/Users/khair/OneDrive/Documents/Web%20Development/GuarfManagement/src/java/DB/DBConnection.java</file>
            <file>file:/C:/Users/khair/OneDrive/Documents/Web%20Development/GuarfManagement/src/java/user/User.java</file>
            <file>file:/C:/Users/khair/OneDrive/Documents/Web%20Development/GuarfManagement/src/java/RegisterServlet.java</file>
            <file>file:/C:/Users/khair/OneDrive/Documents/Web%20Development/GuarfManagement/src/java/LoginServlet.java</file>
            <file>file:/C:/Users/khair/OneDrive/Documents/Web%20Development/GuarfManagement/web/Login.html</file>
        </group>
    </open-files>
</project-private>
